gate_label,gate_type,request_index,generation_id,profile_type,status,n_stages,stale_writes,cross_writes,filename,notes
N8,N8_SMOKE,0,1,sync,PASS,18,0,0,e2e_0000.json,
N8,N8_SMOKE,1,2,sync,PASS,4,0,0,e2e_0001.json,
N8,N8_SMOKE,2,3,sync,PASS,4,0,0,e2e_0002.json,
N8,N8_SMOKE,3,4,sync,PASS,4,0,0,e2e_0003.json,
N8,N8_SMOKE,4,5,sync,PASS,4,0,0,e2e_0004.json,
N8,N8_SMOKE,5,6,sync,PASS,4,0,0,e2e_0005.json,
N9,N9_OVERLAP,0,1,sync,PASS,18,0,0,e2e_0000.json,
N9,N9_OVERLAP,1,2,sync,PASS,12,1,1,e2e_0001.json,
N9,N9_OVERLAP,2,3,sync,PASS,17,3,3,e2e_0002.json,
N9,N9_OVERLAP,3,4,sync,PASS,13,4,4,e2e_0003.json,
N9,N9_OVERLAP,4,5,sync,PASS,8,4,4,e2e_0004.json,
N9,N9_OVERLAP,5,6,sync,PASS,13,8,8,e2e_0005.json,
N9,N9_OVERLAP,6,7,sync,PASS,17,10,10,e2e_0006.json,
N9,N9_OVERLAP,7,8,sync,PASS,13,11,11,e2e_0007.json,
N9,N9_OVERLAP,8,9,sync,PASS,16,13,13,e2e_0008.json,
N9,N9_OVERLAP,9,10,sync,PASS,13,14,14,e2e_0009.json,
N9,N9_OVERLAP,10,11,sync,PASS,13,16,16,e2e_0010.json,
N9,N9_OVERLAP,11,12,sync,PASS,16,18,18,e2e_0011.json,
N9,N9_OVERLAP,12,13,sync,PASS,17,19,19,e2e_0012.json,
N9,N9_OVERLAP,13,14,sync,PASS,16,20,20,e2e_0013.json,
N9,N9_OVERLAP,14,15,sync,PASS,13,21,21,e2e_0014.json,
N9,N9_OVERLAP,15,16,sync,PASS,13,22,22,e2e_0015.json,
N9,N9_OVERLAP,16,17,sync,PASS,13,23,23,e2e_0016.json,
N9,N9_OVERLAP,17,18,sync,PASS,13,28,28,e2e_0017.json,
N9,N9_OVERLAP,18,19,sync,PASS,13,29,29,e2e_0018.json,
N9,N9_OVERLAP,19,20,sync,PASS,13,34,34,e2e_0019.json,
C9,C9_CORRECTNESS,0,1,sync,PASS,15,0,0,e2e_0000.json,
C9,C9_CORRECTNESS,1,2,sync,PASS,12,1,1,e2e_0001.json,
C9,C9_CORRECTNESS,2,3,sync,PASS,13,3,3,e2e_0002.json,
C9,C9_CORRECTNESS,3,4,sync,PASS,13,5,5,e2e_0003.json,
C9,C9_CORRECTNESS,4,5,sync,PASS,12,7,7,e2e_0004.json,
C9,C9_CORRECTNESS,5,6,sync,PASS,16,9,9,e2e_0005.json,
C9,C9_CORRECTNESS,6,7,sync,PASS,17,10,10,e2e_0006.json,
C9,C9_CORRECTNESS,7,8,sync,PASS,13,11,11,e2e_0007.json,
C9,C9_CORRECTNESS,8,9,sync,PASS,13,13,13,e2e_0008.json,
C9,C9_CORRECTNESS,9,10,sync,PASS,13,15,15,e2e_0009.json,
C9,C9_CORRECTNESS,10,11,sync,PASS,13,17,17,e2e_0010.json,
C9,C9_CORRECTNESS,11,12,sync,PASS,17,19,19,e2e_0011.json,
C9,C9_CORRECTNESS,12,13,sync,PASS,13,20,20,e2e_0012.json,
C9,C9_CORRECTNESS,13,14,sync,PASS,13,25,25,e2e_0013.json,
C9,C9_CORRECTNESS,14,15,sync,PASS,13,30,30,e2e_0014.json,
C9,C9_CORRECTNESS,15,16,sync,PASS,13,32,32,e2e_0015.json,
C9,C9_CORRECTNESS,16,17,sync,PASS,13,33,33,e2e_0016.json,
C9,C9_CORRECTNESS,17,18,sync,PASS,13,38,38,e2e_0017.json,
C9,C9_CORRECTNESS,18,19,sync,PASS,13,40,40,e2e_0018.json,
C9,C9_CORRECTNESS,19,20,sync,PASS,13,42,42,e2e_0019.json,
C9,C9_CORRECTNESS,20,21,sync,PASS,13,44,44,e2e_0020.json,
C9,C9_CORRECTNESS,21,22,sync,PASS,13,46,46,e2e_0021.json,
C9,C9_CORRECTNESS,22,23,sync,PASS,13,48,48,e2e_0022.json,
C9,C9_CORRECTNESS,23,24,sync,PASS,13,53,53,e2e_0023.json,
C9,C9_CORRECTNESS,24,25,sync,PASS,13,55,55,e2e_0024.json,
C9,C9_CORRECTNESS,25,26,sync,PASS,13,57,57,e2e_0025.json,
S13,S13_BASELINE,0,1,sync,PASS,4,0,0,e2e_0000.json,
S13,S13_BASELINE,1,2,sync,PASS,4,0,0,e2e_0001.json,
S13,S13_BASELINE,2,3,sync,PASS,4,0,0,e2e_0002.json,
S13,S13_BASELINE,3,4,sync,PASS,4,0,0,e2e_0003.json,
S13,S13_BASELINE,4,5,sync,PASS,4,0,0,e2e_0004.json,
S13,S13_BASELINE,5,6,sync,PASS,4,0,0,e2e_0005.json,
S13,S13_BASELINE,6,7,sync,PASS,4,0,0,e2e_0006.json,
S13,S13_BASELINE,7,8,sync,PASS,4,0,0,e2e_0007.json,
S13,S13_BASELINE,8,9,sync,PASS,4,0,0,e2e_0008.json,
S13,S13_BASELINE,9,10,sync,PASS,4,0,0,e2e_0009.json,
S13,S13_BASELINE,10,11,sync,PASS,4,0,0,e2e_0010.json,
S13,S13_BASELINE,11,12,sync,PASS,4,0,0,e2e_0011.json,
S13,S13_BASELINE,12,13,sync,PASS,4,0,0,e2e_0012.json,
S13,S13_BASELINE,13,14,sync,PASS,4,0,0,e2e_0013.json,
S13,S13_BASELINE,14,15,sync,PASS,4,0,0,e2e_0014.json,
S13,S13_BASELINE,15,16,sync,PASS,4,0,0,e2e_0015.json,
S13,S13_BASELINE,16,17,sync,PASS,4,0,0,e2e_0016.json,
S13,S13_BASELINE,17,18,sync,PASS,4,0,0,e2e_0017.json,
S13,S13_BASELINE,18,19,sync,PASS,4,0,0,e2e_0018.json,
S13,S13_BASELINE,19,20,sync,PASS,4,0,0,e2e_0019.json,
S13,S13_BASELINE,20,21,sync,PASS,4,0,0,e2e_0020.json,
S13,S13_BASELINE,21,22,sync,PASS,4,0,0,e2e_0021.json,
S13,S13_BASELINE,22,23,sync,PASS,4,0,0,e2e_0022.json,
S13,S13_BASELINE,23,24,sync,PASS,4,0,0,e2e_0023.json,
S13,S13_BASELINE,24,25,sync,PASS,4,0,0,e2e_0024.json,
S13,S13_BASELINE,25,26,sync,PASS,4,0,0,e2e_0025.json,
S13,S13_BASELINE,26,27,sync,PASS,4,0,0,e2e_0026.json,
S13,S13_BASELINE,27,28,sync,PASS,4,0,0,e2e_0027.json,
S13,S13_BASELINE,28,29,sync,PASS,4,0,0,e2e_0028.json,
S13,S13_BASELINE,29,30,sync,PASS,4,0,0,e2e_0029.json,
S13,S13_BASELINE,30,31,sync,PASS,4,0,0,e2e_0030.json,
S13,S13_BASELINE,31,32,sync,PASS,4,0,0,e2e_0031.json,
S13,S13_BASELINE,32,33,sync,PASS,4,0,0,e2e_0032.json,
S13,S13_BASELINE,33,34,sync,PASS,4,0,0,e2e_0033.json,
S13,S13_BASELINE,34,35,sync,PASS,4,0,0,e2e_0034.json,
S13,S13_BASELINE,35,36,sync,PASS,4,0,0,e2e_0035.json,
S13,S13_BASELINE,36,37,sync,PASS,4,0,0,e2e_0036.json,
S13,S13_BASELINE,37,38,sync,PASS,4,0,0,e2e_0037.json,
S13,S13_BASELINE,38,39,sync,PASS,4,0,0,e2e_0038.json,
S13,S13_BASELINE,39,40,sync,PASS,4,0,0,e2e_0039.json,
S13,S13_BASELINE,40,41,sync,PASS,4,0,0,e2e_0040.json,
S13,S13_BASELINE,41,42,sync,PASS,4,0,0,e2e_0041.json,
S13,S13_BASELINE,42,43,sync,PASS,4,0,0,e2e_0042.json,
S13,S13_BASELINE,43,44,sync,PASS,4,0,0,e2e_0043.json,
S13,S13_BASELINE,44,45,sync,PASS,4,0,0,e2e_0044.json,
S13,S13_BASELINE,45,46,sync,PASS,4,0,0,e2e_0045.json,
S13,S13_BASELINE,46,47,sync,PASS,4,0,0,e2e_0046.json,
S13,S13_BASELINE,47,48,sync,PASS,4,0,0,e2e_0047.json,
S13,S13_BASELINE,48,49,sync,PASS,4,0,0,e2e_0048.json,
S13,S13_BASELINE,49,50,sync,PASS,4,0,0,e2e_0049.json,
S13,S13_BASELINE,50,51,sync,PASS,4,0,0,e2e_0050.json,
S13,S13_BASELINE,51,52,sync,PASS,4,0,0,e2e_0051.json,
S13,S13_BASELINE,52,53,sync,PASS,4,0,0,e2e_0052.json,
S13,S13_BASELINE,53,54,sync,PASS,4,0,0,e2e_0053.json,
S13,S13_BASELINE,54,55,sync,PASS,4,0,0,e2e_0054.json,
S13,S13_BASELINE,55,56,sync,PASS,4,0,0,e2e_0055.json,
S13,S13_BASELINE,56,57,sync,PASS,4,0,0,e2e_0056.json,
S13,S13_BASELINE,57,58,sync,PASS,4,0,0,e2e_0057.json,
S13,S13_BASELINE,58,59,sync,PASS,4,0,0,e2e_0058.json,
S13,S13_BASELINE,59,60,sync,PASS,4,0,0,e2e_0059.json,
S13,S13_BASELINE,60,61,sync,PASS,4,0,0,e2e_0060.json,
S13,S13_BASELINE,61,62,sync,PASS,4,0,0,e2e_0061.json,
S13,S13_BASELINE,62,63,sync,PASS,4,0,0,e2e_0062.json,
S13,S13_BASELINE,63,?,sync,FAIL,0,0,0,N/A,Connection lost
